{"initial_reset_timestamp": 1521376719.5492191, "timestamps": [1521376721.9623466, 1521376724.2868154, 1521376724.3945873, 1521376724.4357362, 1521376724.4841976, 1521376724.5149293, 1521376724.5589707, 1521376724.5987172, 1521376727.1863031, 1521376727.2978196, 1521376727.3377066, 1521376727.3779302, 1521376727.418319, 1521376727.4586616, 1521376727.5015545, 1521376727.5521722, 1521376727.5930882, 1521376727.6390748, 1521376727.6796365, 1521376727.7280347, 1521376727.78108, 1521376727.823728, 1521376727.8691716, 1521376727.910586, 1521376727.9580326, 1521376728.0017188, 1521376728.0435357, 1521376730.4447203, 1521376730.549274, 1521376730.5941937, 1521376730.63025, 1521376730.6698902, 1521376730.7161634, 1521376730.7682283, 1521376730.808197, 1521376730.8455641, 1521376730.8896554, 1521376730.9374778, 1521376730.9932964, 1521376731.027806, 1521376731.0588481, 1521376731.113182, 1521376731.1677427, 1521376731.2220147, 1521376731.2758472, 1521376731.2902014, 1521376731.3397832, 1521376731.3855379, 1521376731.4029229, 1521376731.4421875, 1521376731.4861813, 1521376731.5269663, 1521376731.5725288, 1521376731.622212, 1521376731.6767948, 1521376731.7255127, 1521376731.7687845, 1521376731.8226528, 1521376731.8389084, 1521376731.8815734, 1521376731.9230962, 1521376731.967964, 1521376732.0098033, 1521376732.0494835, 1521376734.640823, 1521376734.778307, 1521376734.8415086, 1521376734.8990722, 1521376734.959774, 1521376735.0308766, 1521376735.091836, 1521376735.1463494, 1521376735.2071042, 1521376735.2585292, 1521376735.3196504, 1521376735.3714936, 1521376735.4346886, 1521376735.4935167, 1521376735.532012, 1521376735.5730484, 1521376735.6146982, 1521376735.654301, 1521376735.6953914, 1521376735.7348106, 1521376735.7774515, 1521376735.8243456, 1521376735.8652806, 1521376735.9163458, 1521376735.9557016, 1521376735.991929, 1521376736.0373428, 1521376736.0823607, 1521376736.125555, 1521376736.1689732, 1521376736.2128987, 1521376736.259817, 1521376736.3106804, 1521376736.3505268, 1521376736.3959515, 1521376736.4429252], "episode_lengths": [200, 200, 200, 200, 200, 124, 200, 200, 200, 200, 200, 200, 200, 200, 200, 200, 200, 200, 200, 200, 200, 200, 200, 200, 200, 200, 200, 200, 135, 200, 169, 200, 200, 200, 200, 184, 200, 200, 200, 144, 117, 200, 200, 200, 200, 65, 200, 200, 87, 200, 200, 200, 200, 200, 200, 200, 200, 200, 72, 200, 200, 200, 200, 200, 200, 200, 200, 200, 200, 200, 200, 200, 200, 200, 200, 200, 200, 200, 130, 200, 200, 200, 200, 200, 200, 200, 200, 200, 200, 138, 186, 200, 200, 200, 200, 200, 200, 200, 200, 200], "episode_rewards": [200.0, 200.0, 200.0, 200.0, 200.0, 124.0, 200.0, 200.0, 200.0, 200.0, 200.0, 200.0, 200.0, 200.0, 200.0, 200.0, 200.0, 200.0, 200.0, 200.0, 200.0, 200.0, 200.0, 200.0, 200.0, 200.0, 200.0, 200.0, 135.0, 200.0, 169.0, 200.0, 200.0, 200.0, 200.0, 184.0, 200.0, 200.0, 200.0, 144.0, 117.0, 200.0, 200.0, 200.0, 200.0, 65.0, 200.0, 200.0, 87.0, 200.0, 200.0, 200.0, 200.0, 200.0, 200.0, 200.0, 200.0, 200.0, 72.0, 200.0, 200.0, 200.0, 200.0, 200.0, 200.0, 200.0, 200.0, 200.0, 200.0, 200.0, 200.0, 200.0, 200.0, 200.0, 200.0, 200.0, 200.0, 200.0, 130.0, 200.0, 200.0, 200.0, 200.0, 200.0, 200.0, 200.0, 200.0, 200.0, 200.0, 138.0, 186.0, 200.0, 200.0, 200.0, 200.0, 200.0, 200.0, 200.0, 200.0, 200.0], "episode_types": ["t", "t", "t", "t", "t", "t", "t", "t", "t", "t", "t", "t", "t", "t", "t", "t", "t", "t", "t", "t", "t", "t", "t", "t", "t", "t", "t", "t", "t", "t", "t", "t", "t", "t", "t", "t", "t", "t", "t", "t", "t", "t", "t", "t", "t", "t", "t", "t", "t", "t", "t", "t", "t", "t", "t", "t", "t", "t", "t", "t", "t", "t", "t", "t", "t", "t", "t", "t", "t", "t", "t", "t", "t", "t", "t", "t", "t", "t", "t", "t", "t", "t", "t", "t", "t", "t", "t", "t", "t", "t", "t", "t", "t", "t", "t", "t", "t", "t", "t", "t"]}